Workbook

Sheet Маски
A1: Список разрешенных масок
A4: Бандана обычная | B4: =IMAGE('Ссылки'!B2,3) | D4: =IMAGE('Ссылки'!B3,3) | F4: =IMAGE('Ссылки'!B4,3) | H4: =IMAGE('Ссылки'!B5,3) | J4: =IMAGE('Ссылки'!B6,3) | L4: Маска с капюшоном | M4: =IMAGE('Ссылки'!B9,3) | O4: =IMAGE('Ссылки'!B10,3) | Q4: =IMAGE('Ссылки'!B11,3) | S4: =IMAGE('Ссылки'!B12,2) | U4: =IMAGE('Ссылки'!B13,2) | W4: =IMAGE('Ссылки'!B14,3) | Y4: =IMAGE('Ссылки'!B15,2)
B14: Вариант 1 | D14: Вариант 2 | F14: Вариант 3 | H14: Вариант 4 | J14: Вариант 5 | M14: Вариант 1 | O14: Вариант 2 | Q14: Вариант 3 | S14: Вариант 4 | U14: Вариант 5 | W14: Вариант 6 | Y14: Вариант 7
B15: =IMAGE('Ссылки'!B7,3) | D15: Маска балаклава Balenciara Reverse | E15: =IMAGE('Ссылки'!B19,3) | G15: =IMAGE('Ссылки'!B20,3) | I15: Oni Metal | J15: =IMAGE('Ссылки'!B22,3) | M15: =IMAGE('Ссылки'!B16,2) | O15: Oni | P15: =IMAGE('Ссылки'!B25,3) | R15: =IMAGE('Ссылки'!B26,3) | T15: Маска хоккейная №2 | U15: =IMAGE('Ссылки'!H12,2) | W15: =IMAGE('Ссылки'!G29,3)
B25: Вариант 8 | E25: Вариант 1 | G25: Вариант 6 | J25: Вариант 1 | M25: Вариант 8 | P25: Вариант 1 | R25: Вариант 2 | U25: Вариант 1
A26: Маска тканевая | B26: =IMAGE('Ссылки'!D2,3) | D26: =IMAGE('Ссылки'!D3,3) | F26: =IMAGE('Ссылки'!D4,3) | H26: =IMAGE('Ссылки'!D5,3) | J26: =IMAGE('Ссылки'!B23,3) | L26: Маска обычная | M26: =IMAGE('Ссылки'!D7,3) | O26: =IMAGE('Ссылки'!D8,3) | Q26: =IMAGE('Ссылки'!D10,3) | S26: =IMAGE('Ссылки'!D15,3) | U26: =IMAGE('Ссылки'!D16,3)
B36: Вариант 1 | D36: Вариант 2 | F36: Вариант 3 | H36: Вариант 6 | J36: Вариант 2 | M36: Вариант 1 | O36: Вариант 2 | Q36: Вариант 4 | S36: Вариант 5 | U36: Вариант 7
A37: Бандана с узорами | B37: =IMAGE('Ссылки'!N22,3) | D37: =IMAGE('Ссылки'!N23,3) | F37: =IMAGE('Ссылки'!N24,2) | H37: =IMAGE('Ссылки'!N25,2) | J37: =IMAGE('Ссылки'!N26,2) | M37: =IMAGE('Ссылки'!D17,3) | O37: =IMAGE('Ссылки'!D18,3) | Q37: Маска защитника | R37: =IMAGE('Ссылки'!B28,2) | T37: =IMAGE('Ссылки'!B29,2) | V37: =IMAGE('Ссылки'!B30,2)
B47: Вариант 5 | D47: Вариант 9 | F47: Вариант 11 | H47: Вариант 12 | J47: Вариант 16 | M47: Вариант 8 | O47: Вариант 17 | R47: Вариант 1 | T47: Вариант 5 | V47: Вариант 7
B48: =IMAGE('Ссылки'!N27,3) | D48: =IMAGE('Ссылки'!N28,2) | F48: Маска Ведущего | G48: =IMAGE('Ссылки'!D30,3) | I48: Маска модника №1 | J48: =IMAGE('Ссылки'!J29,2) | L48: Маска черепа №2 | M48: =IMAGE('Ссылки'!F24,2) | O48: =IMAGE('Ссылки'!F25,2) | Q48: =IMAGE('Ссылки'!F25,2) | S48: =IMAGE('Ссылки'!F26,2) | U48: =IMAGE('Ссылки'!F27,2) | W48: =IMAGE('Ссылки'!M28,2)
B58: Вариант 23 | D58: Вариант 24 | G58: Вариант 1 | J58: Вариант 6 | M58: Вариант 1 | O58: Вариант 2 | Q58: Вариант 3 | S58: Вариант 4 | U58: Вариант 5
A59: Тканевая с узорами | B59: =IMAGE('Ссылки'!D20,3) | D59: =IMAGE('Ссылки'!D21,2) | F59: =IMAGE('Ссылки'!D22,3) | H59: =IMAGE('Ссылки'!D23,3) | J59: =IMAGE('Ссылки'!D24,3) | L59: =IMAGE('Ссылки'!D25,3) | N59: =IMAGE('Ссылки'!D26,2) | P59: Маска с узорами | Q59: =IMAGE('Ссылки'!H2,3) | S59: =IMAGE('Ссылки'!H3,3) | U59: =IMAGE('Ссылки'!H4,3)
B69: Вариант 1 | D69: Вариант 2 | F69: Вариант 8 | H69: Вариант 9 | J69: Вариант 11 | L69: Вариант 12 | N69: Вариант 14 | Q69: Вариант 6 | S69: Вариант 12 | U69: Вариант 22
A70: Маска модника | B70: =IMAGE('Ссылки'!F2,3) | D70: =IMAGE('Ссылки'!F3,3) | F70: =IMAGE('Ссылки'!F4,3) | H70: =IMAGE('Ссылки'!F5,3) | L70: Облегающий шарф | M70: =IMAGE('Ссылки'!F7,3) | O70: =IMAGE('Ссылки'!F8,2) | Q70: =IMAGE('Ссылки'!F9,3) | S70: =IMAGE('Ссылки'!F10,2) | U70: =IMAGE('Ссылки'!F11,3) | W70: =IMAGE('Ссылки'!F12,3) | Y70: =IMAGE('Ссылки'!F13,3)
B80: Вариант 8 | D80: Вариант 11 | F80: Вариант 12 | H80: Вариант 16 | M80: Вариант 1 | O80: Вариант 2 | Q80: Вариант 3 | S80: Вариант 5 | U80: Вариант 6 | W80: Вариант 9 | Y80: Вариант 10
A81: Маска антагониста | B81: =IMAGE('Ссылки'!H6,3) | D81: =IMAGE('Ссылки'!H7,3) | F81: =IMAGE('Ссылки'!H8,3) | H81: =IMAGE('Ссылки'!H9,2) | J81: =IMAGE('Ссылки'!H10,3) | M81: =IMAGE('Ссылки'!F14,3) | O81: =IMAGE('Ссылки'!F15,3) | Q81: =IMAGE('Ссылки'!F16,3) | S81: =IMAGE('Ссылки'!F17,3) | U81: =IMAGE('Ссылки'!F18,3) | W81: =IMAGE('Ссылки'!F19,3) | Y81: =IMAGE('Ссылки'!F20,3)
B91: Вариант 1 | D91: Вариант 2 | F91: Вариант 3 | H91: Вариант 7 | J91: Вариант 11 | M91: Вариант 11 | O91: Вариант 14 | Q91: Вариант 16 | S91: Вариант 19 | U91: Вариант 20 | W91: Вариант 21 | Y91: Вариант 23
B92: =IMAGE('Ссылки'!H15,3) | D92: =IMAGE('Ссылки'!H16,3) | F92: =IMAGE('Ссылки'!H17,3) | H92: =IMAGE('Ссылки'!H18,3) | J92: =IMAGE('Ссылки'!H19,3) | M92: =IMAGE('Ссылки'!F21,2)
B102: Вариант 12 | D102: Вариант 22 | F102: Вариант 23 | H102: Вариант 24 | J102: Вариант 25 | M102: Вариант 23
A103: Шарф | B103: =IMAGE('Ссылки'!L2,3) | D103: =IMAGE('Ссылки'!L3,2) | F103: =IMAGE('Ссылки'!L4,3) | H103: =IMAGE('Ссылки'!L5,2) | J103: =IMAGE('Ссылки'!L6,3) | L103: Намордник | M103: =IMAGE('Ссылки'!J2,3) | O103: =IMAGE('Ссылки'!J3,3) | Q103: =IMAGE('Ссылки'!J4,3) | S103: =IMAGE('Ссылки'!J5,3) | U103: =IMAGE('Ссылки'!J6,3)
B113: Вариант 1 | D113: Вариант 2 | F113: Вариант 3 | H113: Вариант 5 | J113: Вариант 6 | M113: Вариант 2 | O113: Вариант 5 | Q113: Вариант 6 | S113: Вариант 7 | U113: Вариант 8
B114: =IMAGE('Ссылки'!L7,3) | D114: =IMAGE('Ссылки'!L8,3) | F114: =IMAGE('Ссылки'!L9,3) | H114: =IMAGE('Ссылки'!L10,2) | J114: =IMAGE('Ссылки'!L11,3) | M114: =IMAGE('Ссылки'!J7,3) | O114: =IMAGE('Ссылки'!J8,3) | Q114: =IMAGE('Ссылки'!J9,3) | S114: =IMAGE('Ссылки'!J10,3)
B124: Вариант 9 | D124: Вариант 10 | F124: Вариант 11 | H124: Вариант 13 | J124: Вариант 14 | M124: Вариант 9 | O124: Вариант 10 | Q124: Вариант 14 | S124: Вариант 16
B125: =IMAGE('Ссылки'!L12,3) | D125: =IMAGE('Ссылки'!L13,3) | F125: =IMAGE('Ссылки'!L14,3) | H125: =IMAGE('Ссылки'!L15,3) | J125: =IMAGE('Ссылки'!L16,3) | L125: =IMAGE('Ссылки'!L17,3) | N125: Балаклава | O125: =IMAGE('Ссылки'!H21,3) | Q125: =IMAGE('Ссылки'!H22,3) | S125: =IMAGE('Ссылки'!H23,3) | U125: =IMAGE('Ссылки'!H24,3) | W125: =IMAGE('Ссылки'!H25,3)
B135: Вариант 15 | D135: Вариант 16 | F135: Вариант 19 | H135: Вариант 20 | J135: Вариант 21 | L135: Вариант 23 | O135: Вариант 1 | Q135: Вариант 2 | S135: Вариант 3 | U135: Вариант 6 | W135: Вариант 12
A136: Балаклава брендовая | B136: =IMAGE('Ссылки'!J17,3) | D136: =IMAGE('Ссылки'!J18,3) | F136: =IMAGE('Ссылки'!J19,3) | H136: =IMAGE('Ссылки'!J20,3) | J136: =IMAGE('Ссылки'!J21,3) | L136: Балаклава камо | M136: =IMAGE('Ссылки'!J26,3) | O136: =IMAGE('Ссылки'!J27,3) | Q136: Намордник с фильтром | R136: =IMAGE('Ссылки'!L19,3) | T136: =IMAGE('Ссылки'!L20,3)
B146: Вариант 1 | D146: Вариант 2 | F146: Вариант 4 | H146: Вариант 7 | J146: Вариант 22 | M146: Вариант 2 | O146: Вариант 3 | R146: Вариант 3 | T146: Вариант 7
B147: =IMAGE('Ссылки'!J22,2) | D147: =IMAGE('Ссылки'!J23,3) | F147: =IMAGE('Ссылки'!J24,2) | L147: Намордник Bigness | M147: =IMAGE('Ссылки'!N18,3) | O147: =IMAGE('Ссылки'!N19,3) | Q147: =IMAGE('Ссылки'!N20,3)
B157: Вариант 23 | D157: Вариант 25 | F157: Вариант 26 | M157: Вариант 4 | O157: Вариант 6 | Q157: Вариант 8
A158: Шарф гавайский | B158: =IMAGE('Ссылки'!L22,3) | D158: =IMAGE('Ссылки'!L23,3) | F158: =IMAGE('Ссылки'!L24,2) | H158: =IMAGE('Ссылки'!L25,2) | J158: =IMAGE('Ссылки'!L26,2) | L158: Балаклава Nice Pro | M158: =IMAGE('Ссылки'!N30,3) | O158: =IMAGE('Ссылки'!N31,3) | Q158: Маска с капюшоном Y8 | R158: =IMAGE('Ссылки'!L31,3) | T158: =IMAGE('Ссылки'!L32,3) | V158: =IMAGE('Ссылки'!L33,3)
B168: Вариант 2 | D168: Вариант 4 | F168: Вариант 12 | H168: Вариант 13 | J168: Вариант 15 | M168: Вариант 1 | O168: Вариант 10 | R168: Вариант 1 | T168: Вариант 2 | V168: Вариант 3
B169: =IMAGE('Ссылки'!L27,2) | D169: =IMAGE('Ссылки'!L28,2) | F169: =IMAGE('Ссылки'!L29,2) | L169: Маска с козырьком Vr Tetryx | M169: =IMAGE('Ссылки'!J31,3) | O169: =IMAGE('Ссылки'!J32,3) | Q169: =IMAGE('Ссылки'!J33,3) | S169: =IMAGE('Ссылки'!J34,3) | U169: =IMAGE('Ссылки'!J35,3) | W169: =IMAGE('Ссылки'!J14,3)
B179: Вариант 17 | D179: Вариант 18 | F179: Вариант 21 | M179: Вариант 1 | O179: Вариант 2 | Q179: Вариант 3 | S179: Вариант 4 | U179: Вариант 5
A180: Каллиграфия | B180: =IMAGE('Ссылки'!N7,3) | D180: =IMAGE('Ссылки'!N8,3) | F180: =IMAGE('Ссылки'!N10,3) | H180: =IMAGE('Ссылки'!N15,3) | J180: =IMAGE('Ссылки'!N16,3) | M180: =IMAGE('Ссылки'!J36,3) | O180: =IMAGE('Ссылки'!J37,3)
B190: Вариант 2 | D190: Вариант 10 | F190: Вариант 11 | H190: Вариант 14 | J190: Вариант 15 | M190: Вариант 6 | O190: Вариант 10
B191: =IMAGE('Ссылки'!N5,3) | D191: =IMAGE('Ссылки'!N6,3)
B201: Вариант 3 | D201: Вариант 9

Sheet Ссылки
A1: Бандана обычная | C1: Маска тканевая | E1: Маска модника | G1: Маска с узорами | I1: Намордник | K1: Шарф
A2: 1 | B2: https://i.imgur.com/IMqGFcH.png | C2: 1 | D2: https://i.imgur.com/YNCkZ0m.png | E2: 8 | F2: https://i.imgur.com/SxYERbl.png | G2: 6 | H2: https://i.imgur.com/zcZGusu.png | I2: 2 | J2: https://i.imgur.com/Xydfrki.png | K2: 1 | L2: https://i.imgur.com/ovhVYpk.png
A3: 2 | B3: https://i.imgur.com/vdbR4e2.png | C3: 2 | D3: https://i.imgur.com/OFoJf07.png | E3: 11 | F3: https://i.imgur.com/XB7jjJr.png | G3: 12 | H3: https://i.imgur.com/gfkupjP.png | I3: 5 | J3: https://i.imgur.com/ZwcZe2F.png | K3: 2 | L3: https://i.imgur.com/lYGKx5n.png
A4: 3 | B4: https://i.imgur.com/oAyyJae.png | C4: 3 | D4: https://i.imgur.com/9Gtdsbg.png | E4: 12 | F4: https://i.imgur.com/okY8juG.png | G4: 22 | H4: https://i.imgur.com/OrVP9ow.png | I4: 6 | J4: https://i.imgur.com/K0l0E3D.png | K4: 3 | L4: https://i.imgur.com/jQ1Z0bl.png | M4: Каллиграфия
A5: 4 | B5: https://i.imgur.com/LUupJLN.png | C5: 6 | D5: https://i.imgur.com/DTlgnYU.png | E5: 16 | F5: https://i.imgur.com/EKslvzx.png | G5: Маска антагониста | I5: 7 | J5: https://i.imgur.com/kiOFKYU.png | K5: 5 | L5: https://i.imgur.com/5as6Lvr.png | M5: 3 | N5: https://i.imgur.com/aoifPi1.png
A6: 5 | B6: https://i.imgur.com/TTMQTva.png | C6: Маска обычная | E6: Облегающий шарф | G6: 1 | H6: https://i.imgur.com/PfCSvZX.png | I6: 8 | J6: https://i.imgur.com/xOOf3fr.png | K6: 6 | L6: https://i.imgur.com/7rUKFRD.png | M6: 9 | N6: https://i.imgur.com/XsYLdL6.png
A7: 8 | B7: https://i.imgur.com/vxmkXD2.png | C7: 1 | D7: https://i.imgur.com/rwujgMy.png | E7: 1 | F7: https://i.imgur.com/IK4EO5X.png | G7: 2 | H7: https://i.imgur.com/1QEDrZy.png | I7: 9 | J7: https://i.imgur.com/OhPnwfv.png | K7: 9 | L7: https://i.imgur.com/Tq5kWnG.png | M7: 2 | N7: https://i.imgur.com/dK4GXfk.png
A8: Маска с капюшоном | C8: 2 | D8: https://i.imgur.com/QJiOIKE.png | E8: 2 | F8: https://i.imgur.com/r4u7tOl.png | G8: 3 | H8: https://i.imgur.com/unyO8jX.png | I8: 10 | J8: https://i.imgur.com/LpHmkyq.png | K8: 10 | L8: https://i.imgur.com/EpcA33y.png | M8: 10 | N8: https://i.imgur.com/oeNmM6o.png
A9: 1 | B9: https://i.imgur.com/mOxVjon.png | E9: 3 | F9: https://i.imgur.com/p7B0YDH.png | G9: 7 | H9: https://i.imgur.com/8eKDeQF.png | I9: 14 | J9: https://i.imgur.com/HOTpckA.png | K9: 11 | L9: https://i.imgur.com/vOsENWF.png
A10: 2 | B10: https://i.imgur.com/wKlwbYv.png | C10: 4 | D10: https://i.imgur.com/ChPwxrA.png | E10: 5 | F10: https://i.imgur.com/UweaPrH.png | G10: 11 | H10: https://i.imgur.com/joIhl0B.png | I10: 16 | J10: https://i.imgur.com/37F0fxr.png | K10: 13 | L10: https://i.imgur.com/tJtFUfT.png | M10: 11 | N10: https://i.imgur.com/MQG57CJ.png
A11: 3 | B11: https://i.imgur.com/ArjZujU.png | E11: 6 | F11: https://i.imgur.com/V5XAW15.png | G11: Маска хоккейная №2 | K11: 14 | L11: https://i.imgur.com/ol70QZv.png
A12: 4 | B12: https://i.imgur.com/xgbbrXh.png | E12: 9 | F12: https://i.imgur.com/aUgr9Uo.png | G12: 1 | H12: https://i.imgur.com/jW5UNjA.png | K12: 15 | L12: https://i.imgur.com/dLoyEQE.png
A13: 5 | B13: https://i.imgur.com/WB67GoN.png | E13: 10 | F13: https://i.imgur.com/BPLoc6w.png | K13: 16 | L13: https://i.imgur.com/EJmVYLh.png
A14: 6 | B14: https://i.imgur.com/9vuo3Ew.png | E14: 11 | F14: https://i.imgur.com/7EgD3Hh.png | K14: 19 | L14: https://i.imgur.com/dcDSjnt.png
A15: 7 | B15: https://i.imgur.com/EWQ1cXE.png | C15: 5 | D15: https://i.imgur.com/AsVyLIR.png | E15: 14 | F15: https://i.imgur.com/3v1PKaU.png | G15: 12 | H15: https://i.imgur.com/XSv0cId.png | K15: 20 | L15: https://i.imgur.com/obnSQzf.png | M15: 14 | N15: https://i.imgur.com/oP9bFQc.png
A16: 8 | B16: https://i.imgur.com/M37164q.png | C16: 7 | D16: https://i.imgur.com/quf6YDc.png | E16: 16 | F16: https://i.imgur.com/bZQiCaC.png | G16: 22 | H16: https://i.imgur.com/UPxjSYK.png | I16: Балаклава брендовая | K16: 21 | L16: https://i.imgur.com/ddQUVN1.png | M16: 15 | N16: https://i.imgur.com/FlXjbYv.png
C17: 8 | D17: https://i.imgur.com/LmbN50y.png | E17: 19 | F17: https://i.imgur.com/WQVcO3S.png | G17: 23 | H17: https://i.imgur.com/AlQMvKb.png | I17: 1 | J17: https://i.imgur.com/U5eZCt6.png | K17: 23 | L17: https://i.imgur.com/K7jBHuS.png | M17: Намордник Bigness
A18: Balenciara Reverse | C18: 17 | D18: https://i.imgur.com/HTUcuEB.png | E18: 20 | F18: https://i.imgur.com/OWlO9Z3.png | G18: 24 | H18: https://i.imgur.com/eiLAdLC.png | I18: 2 | J18: https://i.imgur.com/xoufzVX.png | K18: Намордник с фильтром | M18: 4 | N18: https://i.imgur.com/TkYkS5N.png
A19: 1 | B19: https://i.imgur.com/nmwQ8gB.png | C19: Тканевая с узорами | E19: 21 | F19: https://i.imgur.com/KbxCUmP.png | G19: 25 | H19: https://i.imgur.com/9A3BPAb.png | I19: 4 | J19: https://i.imgur.com/1f4m0nZ.png | K19: 3 | L19: https://i.imgur.com/i3K6OJ1.png | M19: 6 | N19: https://i.imgur.com/XXUkpgD.png
A20: 6 | B20: https://i.imgur.com/Zz3I69t.png | C20: 1 | D20: https://i.imgur.com/2nxTnlR.png | E20: 23 | F20: https://i.imgur.com/jxUYwGD.png | G20: Балаклава | I20: 7 | J20: https://i.imgur.com/nrKWtmH.png | K20: 7 | L20: https://i.imgur.com/3c9Zjrv.png | M20: 8 | N20: https://i.imgur.com/um9ok4B.png
A21: Oni Metal | C21: 2 | D21: https://i.imgur.com/EToutyr.png | E21: 24 | F21: https://i.imgur.com/iorpKZN.png | G21: 1 | H21: https://i.imgur.com/dgJ9mWw.png | I21: 22 | J21: https://i.imgur.com/HYDui4H.png | K21: Шарф гавайский | M21: Бандана с узорами
A22: 1 | B22: https://i.imgur.com/5WtLFHN.png | C22: 8 | D22: https://i.imgur.com/nXY8yyd.png | G22: 2 | H22: https://i.imgur.com/RE0kKh9.png | I22: 23 | J22: https://i.imgur.com/wpKPT4D.png | K22: 2 | L22: https://i.imgur.com/fQ52xuw.png | M22: 5 | N22: https://i.imgur.com/mgEEqHR.png
A23: 2 | B23: https://i.imgur.com/36VAJS1.png | C23: 9 | D23: https://i.imgur.com/8gMPGwI.png | E23: Маска черепа №2 | G23: 3 | H23: https://i.imgur.com/3naxI4o.png | I23: 25 | J23: https://i.imgur.com/GgnFyxv.png | K23: 4 | L23: https://i.imgur.com/dfGob7Z.png | M23: 9 | N23: https://i.imgur.com/CktKnSB.png
A24: Oni | C24: 11 | D24: https://i.imgur.com/kBkWCFY.png | E24: 1 | F24: https://i.imgur.com/vwgy2mH.png | G24: 6 | H24: https://i.imgur.com/qOTiRmj.png | I24: 26 | J24: https://i.imgur.com/F312TmV.png | K24: 12 | L24: https://i.imgur.com/DwHKKWw.png | M24: 11 | N24: https://i.imgur.com/um91eod.png
A25: 1 | B25: https://i.imgur.com/EpxZlXP.png | C25: 12 | D25: https://i.imgur.com/uZpgtRF.png | E25: 2 | F25: https://i.imgur.com/gmbMZTw.png | G25: 12 | H25: https://i.imgur.com/gzLIV1W.png | I25: Балаклава Камо | K25: 13 | L25: https://i.imgur.com/QFEbZ90.png | M25: 12 | N25: https://i.imgur.com/hCfv2ma.png
A26: 2 | B26: https://i.imgur.com/aiBNHBs.png | C26: 14 | D26: https://i.imgur.com/G4uprt1.png | E26: 3 | F26: https://i.imgur.com/awfhqvl.png | I26: 2 | J26: https://i.imgur.com/W5gtbAO.png | K26: 15 | L26: https://i.imgur.com/ThKvBwp.png | M26: 16 | N26: https://i.imgur.com/zBXIQFK.png
A27: Маска защитника | E27: 4 | F27: https://i.imgur.com/tkZs5vv.png | I27: 3 | J27: https://i.imgur.com/RTSzyw0.png | K27: 17 | L27: https://i.imgur.com/twdQVWP.png | M27: 23 | N27: https://i.imgur.com/ybxPKSN.png
A28: 1 | B28: https://i.imgur.com/fwqmZPR.png | E28: 5 | F28: https://i.imgur.com/mb7zmwT.png | I28: Маска модника №1 | K28: 18 | L28: https://i.imgur.com/wOINj4X.png | M28: 24 | N28: https://i.imgur.com/K0w4qlz.png
A29: 5 | B29: https://i.imgur.com/Q7p5oDX.png | C29: Маска Ведущего | I29: 6 | J29: https://i.imgur.com/gC2zKjD.png | K29: 21 | L29: https://i.imgur.com/GZjq2Pd.png | M29: Балаклава Nice Pro
A30: 7 | B30: https://i.imgur.com/pmIewBr.png | C30: 1 | D30: https://i.imgur.com/OfG0xjt.png | I30: Маска с козырьком Vr Tetryx | K30: Маска с капюшоном Y8 | M30: 1 | N30: https://i.imgur.com/uRVsydk.png
I31: 1 | J31: https://i.imgur.com/uiWLwBF.png | K31: 1 | L31: https://i.imgur.com/U7iIAAI.png | M31: 10 | N31: https://i.imgur.com/Mot0t6m.png
I32: 2 | J32: https://i.imgur.com/sbNx52I.png | K32: 2 | L32: https://i.imgur.com/pWWNnfB.png
I33: 3 | J33: https://i.imgur.com/KM8KbSL.png | K33: 3 | L33: https://i.imgur.com/XtmqohT.png
I34: 4 | J34: https://i.imgur.com/Bav7nHe.png
I35: 5 | J35: https://i.imgur.com/1vRd3Rd.png
I36: 6 | J36: https://i.imgur.com/i6myzTD.png
I37: 10 | J37: https://i.imgur.com/93UcQ9g.png
